INSERT INTO shop_epam.shop_user(id, adress, email, firstName, lastName, password, phone, role) VALUES(1, '1', '1', '1', '1', '1', '1', 'ADMIN');
INSERT INTO shop_epam.shop_user(id, adress, email, firstName, lastName, password, phone, role) VALUES(2, '2', '2', '2', '2', '2', '2', 'UNKNOWN');
INSERT INTO shop_epam.shop_user(id, adress, email, firstName, lastName, password, phone, role) VALUES(3, '3', '3', '3', '3', '3', '3', 'USER');

INSERT INTO shop_product(id_product, category, name, price, stocked) VALUES(4, 'aasdfsssas', 'Gentelman`s Shoes', '22.50', 'asasa');
INSERT INTO shop_product(id_product, category, name, price, stocked) VALUES(5, 'aassdfsas', 'Canon Exilim', '39.49', 'asasa');
INSERT INTO shop_product(id_product, category, name, price, stocked) VALUES(6, 'aassas', 'Armani Parfume', '88.00', 'asasa');
INSERT INTO shop_product(id_product, category, name, price, stocked) VALUES(7, 'aassas', 'Wedding Shoes', '65.00', 'asasa');
INSERT INTO shop_product(id_product, category, name, price, stocked) VALUES(8, 'aassas', 'Canon EOS 5D', '39.49', 'asasa');
INSERT INTO shop_product(id_product, category, name, price, stocked) VALUES(9, 'aassas', 'HTC Touch', '39.00', 'asasa');
INSERT INTO shop_product(id_product, category, name, price, stocked) VALUES(10, 'aassas', 'Nikon D300', '39.49', 'asasa');
INSERT INTO shop_product(id_product, category, name, price, stocked) VALUES(11, 'aassas', 'Iphone Classic', '45.99', 'asasa');
INSERT INTO shop_product(id_product, category, name, price, stocked) VALUES(12, '', '', '', '');
INSERT INTO shop_product(id_product, category, name, price, stocked) VALUES(13, '', '', '', '');
INSERT INTO shop_product(id_product, category, name, price, stocked) VALUES(14, '', '', '', '');

INSERT INTO shop_product_image(id_product_image, url, product_id_product) VALUES(4, 'https://encrypted-tbn2.gstatic.com/images?q=tbn:ANd9GcTKtXgz8uMHYerbOg2znqZSwDq_FBsTsBBofPOTmRPCdw6SRdliuw', 4);
INSERT INTO shop_product_image(id_product_image, url, product_id_product) VALUES(5, 'https://encrypted-tbn1.gstatic.com/images?q=tbn:ANd9GcRotWJrQ2KveGx_-FtXlZjzOU4O9ehSwYmfxhtFpAKFvAWzEI18', 5);
INSERT INTO shop_product_image(id_product_image, url, product_id_product) VALUES(6, 'http://www.gems4mmines.com/Casio/Casio%20Exilim%20EX-TR-350%20Black-1.jpg', 5);
INSERT INTO shop_product_image(id_product_image, url, product_id_product) VALUES(7, 'http://www.gems4mmines.com/Casio/Casio%20Exilim%20EX-TR150%20Pink-2.jpg', 5);
INSERT INTO shop_product_image(id_product_image, url, product_id_product) VALUES(8, 'https://encrypted-tbn2.gstatic.com/images?q=tbn:ANd9GcTHRzmWmaLpoyy_63TUibSpPXzbYQ1ZljMgi7dNu2uRORMPjxdSmQ', 5);
INSERT INTO shop_product_image(id_product_image, url, product_id_product) VALUES(9, 'images/products/armani_parfume.jpg', 6);
INSERT INTO shop_product_image(id_product_image, url, product_id_product) VALUES(10, 'images/products/wedding_shoes.jpg', 7);
INSERT INTO shop_product_image(id_product_image, url, product_id_product) VALUES(11, 'images/products/htc_touch.jpg', 9);
INSERT INTO shop_product_image(id_product_image, url, product_id_product) VALUES(12, 'images/products/nikon_d300.jpg', 10);
INSERT INTO shop_product_image(id_product_image, url, product_id_product) VALUES(13, 'images/products/iphone.png', 11);

INSERT INTO shop_epam.shop_category(id_category, description, name) VALUES(1, 'A laptop, often called a notebook or "notebook computer", is a small, portable personal computer with a "clamshell" form factor, an alphanumeric keyboard on the lower part of the "clamshell" and a thin LCD or LED computer screen on the upper portion, which is opened up to use the computer. Laptops are folded shut for transportation, and thus are suitable for mobile use.[1] Although originally there was a distinction between laptops and notebooks, the former being bigger and heavier than the latter, as of 2014, there is often no longer any difference.[2] Laptops are commonly used in a variety of settings, such as at work, in education, and for personal multimedia and home computer use.', 'Laptop');
INSERT INTO shop_epam.shop_category(id_category, description, name) VALUES(2, 'A mobile phone is a portable telephone that can make and receive calls over a radio frequency link while the user is moving within a telephone service area. The radio frequency link establishes a connection to the switching systems of a mobile phone operator, which provides access to the public switched telephone network (PSTN). Most modern mobile telephone services use a cellular network architecture, and, therefore, mobile telephones are often also called cellular telephones or cell phones. In addition to telephony, 2000s-era mobile phones support a variety of other services, such as text messaging, MMS, email, Internet access, short-range wireless communications (infrared, Bluetooth), business applications, gaming, and digital photography. Mobile phones which offer these and more general computing capabilities are referred to as smartphones.', 'Mobile phone');
INSERT INTO shop_epam.shop_category(id_category, description, name) VALUES(3, 'The advent of digital television allowed innovations like smart TVs. A smart television, sometimes referred to as connected TV or hybrid TV, is a television set or set-top box with integrated Internet and Web 2.0 features, and is an example of technological convergence between computers, television sets and set-top boxes. Besides the traditional functions of television sets and set-top boxes provided through traditional broadcasting media, these devices can also provide Internet TV, online interactive media, over-the-top content, as well as on-demand streaming media, and home networking access.', 'TV');
INSERT INTO shop_epam.shop_category(id_category, description, name) VALUES(4, 'Notebooks for write lection ', 'Notebook (papeer)');
INSERT INTO shop_epam.shop_category(id_category, description, name) VALUES(5, 'mobile competers', 'Notebook');

INSERT INTO shop_epam.shop_category_image(id_category_image, url, category_id_category) VALUES(1, 'https://d3tvj3lw2y3r4c.cloudfront.net/webpage/prod3/img/mobile_creative.jpg', 1);
INSERT INTO shop_epam.shop_category_image(id_category_image, url, category_id_category) VALUES(2, 'http://www.anytimebd.com/wp-content/uploads/2016/09/24386-New-devices-Skinny-Mobile-2x.png', 2);
INSERT INTO shop_epam.shop_category_image(id_category_image, url, category_id_category) VALUES(3, 'https://img01.bt.co.uk/products/lib/img/tableview/drawers/box.jpg', 3);
INSERT INTO shop_epam.shop_category_image(id_category_image, url, category_id_category) VALUES(4, 'http://recycledfolders.com/images/wirebound-recycled-notebooks-1000.jpg', 4);
INSERT INTO shop_epam.shop_category_image(id_category_image, url, category_id_category) VALUES(5, 'http://cdn.toptenreviews.com/rev/site/cms/category_headers/286-h_main-w.png', 5);

INSERT INTO shop_epam.shop_order(id_order, snapShoot_JSON, status) VALUES(1, '[ {\r\n  "countInCart" : 1,\r\n  "product" : {\r\n    "id" : 4,\r\n    "name" : "Gentelman`s Shoes",\r\n    "category" : "aasdfsssas",\r\n    "price" : "22.50",\r\n    "stocked" : "asasa",\r\n    "options" : [ ],\r\n    "imgUrls" : [ {\r\n      "id" : 4,\r\n      "url" : "https://encrypted-tbn2.gstatic.com/images?q=tbn:ANd9GcTKtXgz8uMHYerbOg2znqZSwDq_FBsTsBBofPOTmRPCdw6SRdliuw"\r\n    } ]\r\n  }\r\n}, {\r\n  "countInCart" : 5,\r\n  "product" : {\r\n    "id" : 5,\r\n    "name" : "Canon Exilim",\r\n    "category" : "aassdfsas",\r\n    "price" : "39.49",\r\n    "stocked" : "asasa",\r\n    "options" : [ ],\r\n    "imgUrls" : [ {\r\n      "id" : 5,\r\n      "url" : "https://encrypted-tbn1.gstatic.com/images?q=tbn:ANd9GcRotWJrQ2KveGx_-FtXlZjzOU4O9ehSwYmfxhtFpAKFvAWzEI18"\r\n    }, {\r\n      "id" : 6,\r\n      "url" : "http://www.gems4mmines.com/Casio/Casio%20Exilim%20EX-TR-350%20Black-1.jpg"\r\n    }, {\r\n      "id" : 7,\r\n      "url" : "http://www.gems4mmines.com/Casio/Casio%20Exilim%20EX-TR150%20Pink-2.jpg"\r\n    }, {\r\n      "id" : 8,\r\n      "url" : "https://encrypted-tbn2.gstatic.com/images?q=tbn:ANd9GcTHRzmWmaLpoyy_63TUibSpPXzbYQ1ZljMgi7dNu2uRORMPjxdSmQ"\r\n    } ]\r\n  }\r\n}, {\r\n  "countInCart" : 1,\r\n  "product" : {\r\n    "id" : 6,\r\n    "name" : "Armani Parfume",\r\n    "category" : "aassas",\r\n    "price" : "88.00",\r\n    "stocked" : "asasa",\r\n    "options" : [ ],\r\n    "imgUrls" : [ {\r\n      "id" : 9,\r\n      "url" : "images/products/armani_parfume.jpg"\r\n    } ]\r\n  }\r\n}, {\r\n  "countInCart" : 1,\r\n  "product" : {\r\n    "id" : 7,\r\n    "name" : "Wedding Shoes",\r\n    "category" : "aassas",\r\n    "price" : "65.00",\r\n    "stocked" : "asasa",\r\n    "options" : [ ],\r\n    "imgUrls" : [ {\r\n      "id" : 10,\r\n      "url" : "images/products/wedding_shoes.jpg"\r\n    } ]\r\n  }\r\n} ]', 'WAIT');
INSERT INTO shop_epam.shop_order(id_order, snapShoot_JSON, status) VALUES(2, '[ {\r\n  "countInCart" : 4,\r\n  "product" : {\r\n    "id" : 4,\r\n    "name" : "Gentelman`s Shoes",\r\n    "category" : "aasdfsssas",\r\n    "price" : "22.50",\r\n    "stocked" : "asasa",\r\n    "options" : [ ],\r\n    "imgUrls" : [ {\r\n      "id" : 4,\r\n      "url" : "https://encrypted-tbn2.gstatic.com/images?q=tbn:ANd9GcTKtXgz8uMHYerbOg2znqZSwDq_FBsTsBBofPOTmRPCdw6SRdliuw"\r\n    } ]\r\n  }\r\n}, {\r\n  "countInCart" : 6,\r\n  "product" : {\r\n    "id" : 5,\r\n    "name" : "Canon Exilim",\r\n    "category" : "aassdfsas",\r\n    "price" : "39.49",\r\n    "stocked" : "asasa",\r\n    "options" : [ ],\r\n    "imgUrls" : [ {\r\n      "id" : 5,\r\n      "url" : "https://encrypted-tbn1.gstatic.com/images?q=tbn:ANd9GcRotWJrQ2KveGx_-FtXlZjzOU4O9ehSwYmfxhtFpAKFvAWzEI18"\r\n    }, {\r\n      "id" : 6,\r\n      "url" : "http://www.gems4mmines.com/Casio/Casio%20Exilim%20EX-TR-350%20Black-1.jpg"\r\n    }, {\r\n      "id" : 7,\r\n      "url" : "http://www.gems4mmines.com/Casio/Casio%20Exilim%20EX-TR150%20Pink-2.jpg"\r\n    }, {\r\n      "id" : 8,\r\n      "url" : "https://encrypted-tbn2.gstatic.com/images?q=tbn:ANd9GcTHRzmWmaLpoyy_63TUibSpPXzbYQ1ZljMgi7dNu2uRORMPjxdSmQ"\r\n    } ]\r\n  }\r\n}, {\r\n  "countInCart" : 1,\r\n  "product" : {\r\n    "id" : 6,\r\n    "name" : "Armani Parfume",\r\n    "category" : "aassas",\r\n    "price" : "88.00",\r\n    "stocked" : "asasa",\r\n    "options" : [ ],\r\n    "imgUrls" : [ {\r\n      "id" : 9,\r\n      "url" : "images/products/armani_parfume.jpg"\r\n    } ]\r\n  }\r\n}, {\r\n  "countInCart" : 1,\r\n  "product" : {\r\n    "id" : 7,\r\n    "name" : "Wedding Shoes",\r\n    "category" : "aassas",\r\n    "price" : "65.00",\r\n    "stocked" : "asasa",\r\n    "options" : [ ],\r\n    "imgUrls" : [ {\r\n      "id" : 10,\r\n      "url" : "images/products/wedding_shoes.jpg"\r\n    } ]\r\n  }\r\n} ]', 'WAIT');
INSERT INTO shop_epam.shop_order(id_order, snapShoot_JSON, status) VALUES(3, '[ {\r\n  "countInCart" : 4,\r\n  "product" : {\r\n    "id" : 4,\r\n    "name" : "Gentelman`s Shoes",\r\n    "category" : "aasdfsssas",\r\n    "price" : "22.50",\r\n    "stocked" : "asasa",\r\n    "options" : [ ],\r\n    "imgUrls" : [ {\r\n      "id" : 4,\r\n      "url" : "https://encrypted-tbn2.gstatic.com/images?q=tbn:ANd9GcTKtXgz8uMHYerbOg2znqZSwDq_FBsTsBBofPOTmRPCdw6SRdliuw"\r\n    } ]\r\n  }\r\n}, {\r\n  "countInCart" : 6,\r\n  "product" : {\r\n    "id" : 5,\r\n    "name" : "Canon Exilim",\r\n    "category" : "aassdfsas",\r\n    "price" : "39.49",\r\n    "stocked" : "asasa",\r\n    "options" : [ ],\r\n    "imgUrls" : [ {\r\n      "id" : 5,\r\n      "url" : "https://encrypted-tbn1.gstatic.com/images?q=tbn:ANd9GcRotWJrQ2KveGx_-FtXlZjzOU4O9ehSwYmfxhtFpAKFvAWzEI18"\r\n    }, {\r\n      "id" : 6,\r\n      "url" : "http://www.gems4mmines.com/Casio/Casio%20Exilim%20EX-TR-350%20Black-1.jpg"\r\n    }, {\r\n      "id" : 7,\r\n      "url" : "http://www.gems4mmines.com/Casio/Casio%20Exilim%20EX-TR150%20Pink-2.jpg"\r\n    }, {\r\n      "id" : 8,\r\n      "url" : "https://encrypted-tbn2.gstatic.com/images?q=tbn:ANd9GcTHRzmWmaLpoyy_63TUibSpPXzbYQ1ZljMgi7dNu2uRORMPjxdSmQ"\r\n    } ]\r\n  }\r\n}, {\r\n  "countInCart" : 1,\r\n  "product" : {\r\n    "id" : 7,\r\n    "name" : "Wedding Shoes",\r\n    "category" : "aassas",\r\n    "price" : "65.00",\r\n    "stocked" : "asasa",\r\n    "options" : [ ],\r\n    "imgUrls" : [ {\r\n      "id" : 10,\r\n      "url" : "images/products/wedding_shoes.jpg"\r\n    } ]\r\n  }\r\n} ]', 'WAIT');
INSERT INTO shop_epam.shop_order(id_order, snapShoot_JSON, status) VALUES(4, '[ {\r\n  "countInCart" : 6,\r\n  "product" : {\r\n    "id" : 5,\r\n    "name" : "Canon Exilim",\r\n    "category" : "aassdfsas",\r\n    "price" : "39.49",\r\n    "stocked" : "asasa",\r\n    "options" : [ ],\r\n    "imgUrls" : [ {\r\n      "id" : 5,\r\n      "url" : "https://encrypted-tbn1.gstatic.com/images?q=tbn:ANd9GcRotWJrQ2KveGx_-FtXlZjzOU4O9ehSwYmfxhtFpAKFvAWzEI18"\r\n    }, {\r\n      "id" : 6,\r\n      "url" : "http://www.gems4mmines.com/Casio/Casio%20Exilim%20EX-TR-350%20Black-1.jpg"\r\n    }, {\r\n      "id" : 7,\r\n      "url" : "http://www.gems4mmines.com/Casio/Casio%20Exilim%20EX-TR150%20Pink-2.jpg"\r\n    }, {\r\n      "id" : 8,\r\n      "url" : "https://encrypted-tbn2.gstatic.com/images?q=tbn:ANd9GcTHRzmWmaLpoyy_63TUibSpPXzbYQ1ZljMgi7dNu2uRORMPjxdSmQ"\r\n    } ]\r\n  }\r\n}, {\r\n  "countInCart" : 1,\r\n  "product" : {\r\n    "id" : 7,\r\n    "name" : "Wedding Shoes",\r\n    "category" : "aassas",\r\n    "price" : "65.00",\r\n    "stocked" : "asasa",\r\n    "options" : [ ],\r\n    "imgUrls" : [ {\r\n      "id" : 10,\r\n      "url" : "images/products/wedding_shoes.jpg"\r\n    } ]\r\n  }\r\n} ]', 'WAIT');
INSERT INTO shop_epam.shop_order(id_order, snapShoot_JSON, status) VALUES(5, '[ {\r\n  "countInCart" : 6,\r\n  "product" : {\r\n    "id" : 5,\r\n    "name" : "Canon Exilim",\r\n    "category" : "aassdfsas",\r\n    "price" : "39.49",\r\n    "stocked" : "asasa",\r\n    "options" : [ ],\r\n    "imgUrls" : [ {\r\n      "id" : 5,\r\n      "url" : "https://encrypted-tbn1.gstatic.com/images?q=tbn:ANd9GcRotWJrQ2KveGx_-FtXlZjzOU4O9ehSwYmfxhtFpAKFvAWzEI18"\r\n    }, {\r\n      "id" : 6,\r\n      "url" : "http://www.gems4mmines.com/Casio/Casio%20Exilim%20EX-TR-350%20Black-1.jpg"\r\n    }, {\r\n      "id" : 7,\r\n      "url" : "http://www.gems4mmines.com/Casio/Casio%20Exilim%20EX-TR150%20Pink-2.jpg"\r\n    }, {\r\n      "id" : 8,\r\n      "url" : "https://encrypted-tbn2.gstatic.com/images?q=tbn:ANd9GcTHRzmWmaLpoyy_63TUibSpPXzbYQ1ZljMgi7dNu2uRORMPjxdSmQ"\r\n    } ]\r\n  }\r\n} ]', 'WAIT');
